-- LUU Y: DANG NHAP BANG ADMIN1 SAU DO MOI TAO BANG
----------------------------------------------------- TAO BANG -----------------------------------------------------------------
CREATE TABLE HSBENHNHAN
(
ID NUMBER(10),
MABN NUMBER(10),	
HOTEN VARCHAR2(50) , 
NAMSINH NUMBER(4),
DIACHI VARCHAR2(100),
SDT VARCHAR2(50),
TRIEUCHUNG VARCHAR2(100),
LOAIHS VARCHAR2(50),
CONSTRAINT PK_HSBN PRIMARY KEY (ID)
);
CREATE TABLE NHANVIEN
(		
MANV VARCHAR2(50),
MATKHAU VARCHAR2(100),
CHUCVU VARCHAR2(100),
LUONG NUMBER(10),
PHUCAP NUMBER(10),
LUONGCB NUMBER(10),
USERNAME VARCHAR2(100),
KHU VARCHAR2(1),
CONSTRAINT PK_NHANVIEN PRIMARY KEY (MANV)
);
CREATE TABLE PHONGKHAM
(
MAPHONG NUMBER(10),
MANV VARCHAR2(50), -- NHAN VIEN PHAI LA BAC SI
CONSTRAINT PK_PHONGKHAM PRIMARY KEY (MAPHONG)
);
CREATE TABLE THUOC 
(
MATHUOC NUMBER(10),
TENTHUOC VARCHAR2(100),
GIATIEN NUMBER(10),
SOLUONG NUMBER(10),
CONSTRAINT PK_THUOC PRIMARY KEY (MATHUOC)
);
CREATE TABLE CHITIETTOATHUOC
(
MATOA NUMBER(10),
MATHUOC NUMBER(10),
SOLUONG NUMBER(10),
GIATIEN NUMBER(10),
CONSTRAINT PK_CHITIETTOATHUOC PRIMARY KEY (MATOA,MATHUOC)
);
CREATE TABLE TOATHUOC 
(
MATOA NUMBER(10),
MABN NUMBER(10), -- MA BENH NHAN
MANV VARCHAR2(100), -- BAC SI
THANHTIEN NUMBER(10),
CONSTRAINT PK_TOATHUOC PRIMARY KEY (MATOA)
);
CREATE TABLE DICHVU
(
MADV NUMBER(10),
TENDV VARCHAR2(100),
GIATIEN NUMBER(10),
CONSTRAINT PK_DICHVU PRIMARY KEY (MADV)
);
CREATE TABLE DV_BN
(
STT NUMBER(10),
MABN NUMBER(10),
MADV NUMBER(10),
KQCHANDOAN VARCHAR2(100),
CONSTRAINT PK_DV_BN PRIMARY KEY (STT)
);
CREATE TABLE PHIEUKHAMBENH
(
MAKB NUMBER(10),
MABN NUMBER(10),
MANV VARCHAR2(50),-- BAC SI
PHONG NUMBER(10),
PHIDV NUMBER(10),
TINHTRANG VARCHAR2(20), 
CONSTRAINT PK_PHIEUKHAMBENH PRIMARY KEY (MAKB)
); 
CREATE TABLE NVCHAMCONG (
	NGAY DATE,
	MANV VARCHAR2(50),
	CHAMCONG NUMBER(1),
	PRIMARY KEY (NGAY,MANV)
);
CREATE TABLE THONGBAO
(
	STT INT,
	NOIDUNG VARCHAR2(4000),
	CONSTRAINT PK_THONGBAO PRIMARY KEY (STT) 
);
----------------------------------------------------- THEN DATA -----------------------------------------------------------------
INSERT INTO HSBenhNhan VALUES (1,1,'Irene',1991,'TP HCM','0123232342','Sot nhe','Benh nhan moi');
INSERT INTO HSBenhNhan VALUES (2,1,'Irene',1991,'TP HCM','0123232342','Sot nhe','Tai kham');
INSERT INTO HSBenhNhan VALUES (3,2,'Wendy',1991,'Ha Noi','0328614914','Buon non','Benh nhan moi');
INSERT INTO HSBenhNhan VALUES (4,5,'Joy',1991,'TP HCM','0836942252','Moi co','Benh nhan moi');
INSERT INTO HSBenhNhan VALUES (5,2,'Wendy',1991,'Ha Noi','0328614914','Buon non, Sot nhe','Tai kham');
INSERT INTO NHANVIEN VALUES ('NV1',1,'Bo phan quan li nhan su',15000000,0,1000000,'NV1','A');
INSERT INTO NHANVIEN VALUES ('NV2',2,'Bo phan tiep tan',2000000,0,1000000,'NV2','A');
INSERT INTO NHANVIEN VALUES ('NV3',3,'Dieu phoi benh',2500000,0,1000000,'NV3','A');
INSERT INTO NHANVIEN VALUES ('NV4',4,'Bac si dieu tri',10000000,0,1000000,'NV4','A');
INSERT INTO NHANVIEN VALUES ('NV5',5,'Phong tai vu',4500000,0,1000000,'NV5','A');
INSERT INTO NHANVIEN VALUES ('NV6',6,'Phong ban thuoc',3000000,0,1000000,'NV6','A');
INSERT INTO NHANVIEN VALUES ('NV7',7,'Bo phan ke toan',3500000,0,1000000,'NV7','A');
INSERT INTO NHANVIEN VALUES ('NV8',8,'Bo phan quan li tai vu',15000000,0,1000000,'NV8','A');
INSERT INTO NHANVIEN VALUES ('NV9',9,'Bo phan quan li chuyen mon',15000000,0,1000000,'NV9','A');
INSERT INTO NHANVIEN VALUES ('NV10',10,'Bac si dieu tri',15000000,0,1000000,'NV10','B');
INSERT INTO NHANVIEN VALUES ('NV11',11,'Bo phan quan li',15000000,0,1000000,'NV11','B');
INSERT INTO NHANVIEN VALUES ('NV12',12,'Bo phan tiep tan',2000000,0,1000000,'NV12','B');
INSERT INTO NHANVIEN VALUES ('NV13',13,'Dieu phoi benh',2500000,0,1000000,'NV13','B');
INSERT INTO NHANVIEN VALUES ('NV14',14,'Phong tai vu',4500000,0,1000000,'NV14','B');
INSERT INTO NHANVIEN VALUES ('NV15',15,'Phong ban thuoc',3000000,0,1000000,'NV15','B');
INSERT INTO NHANVIEN VALUES ('NV16',16,'Bo phan ke toan',3500000,0,1000000,'NV16','B');
INSERT INTO NHANVIEN VALUES ('NV17',17,'Bo phan quan li tai vu',15000000,0,1000000,'NV17','B');
INSERT INTO NHANVIEN VALUES ('NV18',18,'Bo phan quan li chuyen mon',15000000,0,1000000,'NV18','B');
INSERT INTO PHONGKHAM VALUES (1,'NV4');
INSERT INTO PHONGKHAM VALUES (2,'NV10');
INSERT INTO THUOC VALUES (1,'Penicillin',3400,130);
INSERT INTO THUOC VALUES (2,'Erythromycin',2800,109);
INSERT INTO THUOC VALUES (3,'Roxithromycin',7800,340);
INSERT INTO THUOC VALUES (4,'Cephalosporin',1900,290);
INSERT INTO THUOC VALUES (5,'Diphenhydramine',1200,569);
INSERT INTO THUOC VALUES (6,'Chericof',3300,671);
INSERT INTO TOATHUOC VALUES (1,1,'NV10',169200);
INSERT INTO TOATHUOC VALUES (2,2,'NV4',13000);
INSERT INTO TOATHUOC VALUES (3,3,'NV10',38000);
INSERT INTO TOATHUOC VALUES (4,4,'NV4',143200);
INSERT INTO TOATHUOC VALUES (5,5,'NV10',390000);
INSERT INTO CHITIETTOATHUOC VALUES (1,2,18,2800);
INSERT INTO CHITIETTOATHUOC VALUES (1,6,36,3300);
INSERT INTO CHITIETTOATHUOC VALUES (2,1,10,1300);
INSERT INTO CHITIETTOATHUOC VALUES (3,4,20,1900);
INSERT INTO CHITIETTOATHUOC VALUES (4,1,10,1300);
INSERT INTO CHITIETTOATHUOC VALUES (4,5,48,1200);
INSERT INTO CHITIETTOATHUOC VALUES (4,6,22,3300);
INSERT INTO CHITIETTOATHUOC VALUES (5,3,50,7800);
INSERT INTO DICHVU VALUES (1,'Sieu am',500000);
INSERT INTO DICHVU VALUES (2,'Chup X-Quang',1600000);
INSERT INTO DICHVU VALUES (3,'Xet nghiem nuoc tieu',250000);
INSERT INTO DICHVU VALUES (4,'Xet nghiem Covid',0);
INSERT INTO DICHVU VALUES (5,'Vat li tri lieu',5500000);
INSERT INTO DV_BN VALUES (1,1,4,'Binh thuong');
INSERT INTO DV_BN VALUES (2,2,4,'Binh thuong');
INSERT INTO PHIEUKHAMBENH VALUES (1,1,'NV10',2,0,'Da nop tien');
INSERT INTO PHIEUKHAMBENH VALUES (2,2,'NV4',1,0,'Da nop tien');
INSERT INTO THONGBAO VALUES (1, 'THONG BAO NAY DANH CHO CAN BO O KHU VUC A');
INSERT INTO THONGBAO VALUES (2, 'THONG BAO NAY DANH CHO CAN BO QUAN LY O KHU VUC A');
INSERT INTO THONGBAO VALUES (3, 'THONG BAO NAY DANH CHO CAN BO O KHU VUC B');
INSERT INTO THONGBAO VALUES (4, 'THONG BAO NAY DANH CHO CAN BO QUAN LY O KHU VUC B');
INSERT INTO THONGBAO VALUES (5, 'THONG BAO NAY DANH CHO TOAN BO NHAN VIEN CUA BENH VIEN');
